recipient,donor,relative_fitness,kappa
0.00968582903246788,0.04943262995220721,1,5
0.4810105159055202,0.6839188386220485,1,5
0.26248046760179666,0.6258956962265074,1,5
0.8396063944892104,0.8683743546716869,1,5
0.6405987218140673,0.8571993780788034,1,5
0.9094678267337857,0.7918523589614779,1,5
0.6320859483287898,0.5573678410146385,1,5
0.17391801485330902,0.5900762181263417,1,5
0.1084631525577728,0.5396581119857728,1,5
1.6040140830530519e-4,0.15304886340163648,1,5
9.977591161378977e-4,0.26850017881952226,1,5
0.5129391473030082,0.7674423533026129,1,5
0.2804719561211574,0.6023937149439007,1,5
0.36377997564480957,0.6449145656079054,1,5
0.03414646043440227,0.4828338858205825,1,5
0.950613174753432,0.8644372986163944,1,5
0.47648927415891873,0.8311611448880285,1,5
0.6370245146386652,0.9440928616095334,1,5
0.39751443028539296,0.5412390495184809,1,5
0.0802163790348635,0.4036896671168506,1,5
0.131977540518363,0.1455995268188417,1,5
0.0528625671276838,0.559085410553962,1,5
0.6132383757544407,0.5300544986966997,1,5
0.47697091649327966,0.86968814721331,1,5
3.357456703386571e-8,0.18661277554929256,1,5
0.19490274972438987,0.7524319186341017,1,5
0.5581074504303654,0.54625204205513,1,5
0.45747850150854963,0.729729040293023,1,5
0.13811063995520084,0.3553185286000371,1,5
0.007595888364955058,0.09005801775492728,1,5
0.21178076803359636,0.46970077650621533,1,5
0.07641494869936169,0.23084239708259702,1,5
0.7132184923110942,0.8634953883010894,1,5
0.004419761132833775,0.26313696545548737,1,5
0.12547579794222832,0.27434727014042437,1,5
0.9786434244618976,0.977697359630838,1,5
0.18308818131535215,0.402587698539719,1,5
0.3697378596453197,0.3002426715102047,1,5
0.024957064130456105,0.1737325326539576,1,5
8.755187358480859e-5,0.052515188697725534,1,5
0.3353231950941169,0.6400165266823024,1,5
1.6357612307039221e-6,0.00795425777323544,1,5
0.6312741778766454,0.9008771011140198,1,5
0.020679380992769652,0.2284769166726619,1,5
0.18964308536463664,0.509279354242608,1,5
0.21363252033938734,0.6791672089602798,1,5
0.2023630063988111,0.5219485606066883,1,5
0.4435352813307478,0.43650222942233086,1,5
0.47332039631357314,0.5834469862747937,1,5
0.036042826485842845,0.36998953274451196,1,5
0.14614253061556332,0.49938002950511873,1,5
0.11184206341683386,0.27983888261951506,1,5
3.8861590783589376e-15,0.07643559295684099,1,5
0.6410258581019668,0.8842174313031137,1,5
8.452693564645467e-4,0.14463800378143787,1,5
0.08824497231027761,0.35236988170072436,1,5
0.565044600614221,0.6181833494920284,1,5
0.27160893250302487,0.6844865877646953,1,5
0.5216243390906276,0.7040747012943029,1,5
0.7007386856636695,0.3394999890588224,1,5
0.6314089455998234,0.7999713977333158,1,5
0.3691688771284026,0.7185369124636054,1,5
0.8758062367352545,0.8857367672026157,1,5
0.7621946198494268,0.9002406613435596,1,5
0.061684767978485995,0.5365670574828982,1,5
0.2235693291106451,0.2944462571758777,1,5
0.22694387374890163,0.6196816347073764,1,5
0.10368877553196872,0.35081390175037086,1,5
0.13644706117394037,0.6327217603102326,1,5
0.9999999999999751,0.9977404011879116,1,5
0.14508477000515654,0.13628791249357164,1,5
0.7664770023563994,0.6351464225444943,1,5
0.6656943402078733,0.8817801207769662,1,5
4.568623264355242e-16,0.03331823623739183,1,5
0.0150975518457842,0.2704727475065738,1,5
0.18377083841268815,0.509947111364454,1,5
0.34413038281526326,0.5268578827381134,1,5
0.004558503476350818,0.25197440781630576,1,5
0.27404515381547845,0.8125998561736196,1,5
8.413185570214653e-14,0.027939521009102464,1,5
1.3224864861703311e-4,0.027415288146585226,1,5
2.238619039017715e-33,0.016303467797115445,1,5
0.053529948410538396,0.181731088552624,1,5
0.5845811180635838,0.8864427576772869,1,5
0.4121032105160276,0.8290396060328931,1,5
0.008065207994615254,0.39101969031617045,1,5
0.3071760388985214,0.424223018810153,1,5
0.08660919692063491,0.23506413865834475,1,5
0.40877446605958684,0.7392358584329486,1,5
0.30532546624242984,0.34389108209870756,1,5
2.4279845184854408e-5,0.06305073411203921,1,5
0.04230223821495047,0.3288640999235213,1,5
0.3909698291525672,0.6209689788520336,1,5
0.5338750459616041,0.8483004583977163,1,5
0.4623099826179928,0.6240511813666672,1,5
0.9500916573269754,0.981646487256512,1,5
0.1363750759393554,0.6479133763350546,1,5
0.027167651352456683,0.12087568733841181,1,5
0.4962477010344472,0.6897233475465328,1,5
0.89718187515175,0.9550909963436425,1,5
0.2924659519115863,0.7440577375236899,1,5
0.31689982209702505,0.30845413263887167,1,5
0.9817953407328049,0.9767053127288818,1,5
0.0035280684000009214,0.2989807447884232,1,5
0.9971048484629625,0.9666860529687256,1,5
0.21390168821167832,0.17832312965765595,1,5
0.006762486336607117,0.034563679015263915,1,5
0.1588317815768876,0.45868733595125377,1,5
0.12413144947743668,0.4853674287442118,1,5
0.9261673147015879,0.9337088414467871,1,5
0.26886597259442874,0.5299352654255927,1,5
0.24544564761208304,0.6332523964811116,1,5
0.007234113862174038,0.43510196963325143,1,5
0.031066111479672736,0.012431060196831822,1,5
0.14098934101922447,0.4940207356121391,1,5
0.05412573240825719,0.44327852805145085,1,5
0.827683073771393,0.8626956308726221,1,5
0.9984999539872655,0.9265859741717577,1,5
0.5254532744757836,0.8506802876945585,1,5
0.010068929564021646,0.306695758132264,1,5
1.7485737618461216e-21,0.019127289997413754,1,5
0.6242892435201648,0.9535023276694119,1,5
0.4162599365820499,0.37426892342045903,1,5
0.7338623680318349,0.892365402309224,1,5
0.18259386677178757,0.6835905713960528,1,5
0.26192386282509167,0.4657776241656393,1,5
0.55668211320749,0.7545900195837021,1,5
0.9999992136738682,0.9851575000211596,1,5
0.46247726984931614,0.8334127804264426,1,5
0.20140186859790618,0.2646570161450654,1,5
0.022851648270440856,0.4489081942010671,1,5
0.29540849023320076,0.20756523334421217,1,5
0.21488089278860886,0.4988406903576106,1,5
0.571075915153187,0.6977356038987637,1,5
0.0044704801050633805,0.04674594243988395,1,5
0.8872389693484487,0.9175094948150218,1,5
0.8085478962469942,0.7494826249312609,1,5
0.6450405007166085,0.8413812732324004,1,5
0.8197949019966813,0.8773601441644132,1,5
0.03511706342147176,0.44959665602073073,1,5
0.9835554705870869,0.9699182796757668,1,5
0.46780709127527803,0.8860365927685052,1,5
0.017970552710749054,0.32214869162999094,1,5
0.3807109371465409,0.538124276092276,1,5
5.238711393738771e-11,0.04500204650685191,1,5
0.07739333549577734,0.377115341136232,1,5
0.2537642684386272,0.48450355138629675,1,5
0.338220352931548,0.16072488389909267,1,5
0.04030348010322446,0.529917053412646,1,5
0.0031761493702873937,0.14236565702594817,1,5
0.8156501931657494,0.9706786752212793,1,5
0.9428226333573471,0.8487996002659202,1,5
0.0627452437573503,0.09202635590918362,1,5
0.31115494340749383,0.6054159484338015,1,5
0.023472571144650834,0.4003497725352645,1,5
0.0038536096317125963,0.24466158682480454,1,5
0.4376954642019924,0.545743964612484,1,5
3.3447148997335685e-7,0.026975451502949,1,5
0.0047887207466490046,0.10538115981034935,1,5
0.3388207994523287,0.7783995277713984,1,5
0.9058230301315543,0.7224320117384195,1,5
0.06089827140036732,0.3482294254936278,1,5
0.7379883159880428,0.7180913153570145,1,5
0.4125807752616261,0.65450727683492,1,5
0.6175561908022201,0.822278592037037,1,5
0.9189387043739685,0.9496170657221228,1,5
0.041674298892866904,0.4281195988878608,1,5
0.920017570504141,0.9679963223170489,1,5
3.1190245271800704e-5,0.09674131125211716,1,5
0.03227068854391044,0.08620875864289701,1,5
0.44592861398297784,0.6626919314730912,1,5
0.08005379546647624,0.2770664426498115,1,5
0.026005682085028705,0.17179380892775953,1,5
6.747823289002068e-10,0.07349531399086118,1,5
0.4281385772839021,0.48784622992388904,1,5
0.287262706602195,0.5117005775682628,1,5
0.6951480069856117,0.6106043928302824,1,5
0.014092781436914906,0.24922846467234194,1,5
0.2529096238262601,0.21495443233288825,1,5
0.44050388149796776,0.7023574521299452,1,5
4.824118357720441e-5,0.12950450414791703,1,5
0.17059687754761935,0.40545065072365105,1,5
0.4437994815806664,0.8349315067753196,1,5
0.44185498046050986,0.5484276073984802,1,5
0.1819741827949079,0.23224953678436577,1,5
4.166385468828413e-34,0.013599817408248782,1,5
1.8139290010235272e-5,0.052122303983196616,1,5
0.0035406505277068684,0.1763929862063378,1,5
0.6585429422671387,0.8302867677994072,1,5
0.6054095725575028,0.4160784464329481,1,5
0.5845147128188974,0.8299738999921829,1,5
0.30326957647379,0.3061807353515178,1,5
0.9066593254541825,0.8888258594088256,1,5
0.12875664686777588,0.33009754912927747,1,5
0.07516292556532159,0.6668566768057644,1,5
7.975045496582446e-4,0.07404660759493709,1,5
0.001172709078870124,0.023026105016469955,1,5
0.8297818324354543,0.948543565813452,1,5
1.8167711249948799e-4,0.027876980137079954,1,5
0.06468729121450537,0.2698998795822263,1,5
0.24146112391157354,0.5563356543425471,1,5
0.005160816542837382,0.24162243539467454,1,5
0.2855623980570848,0.5517677101306617,1,5
2.0903980258792294e-22,0.014561796328052878,1,5
0.7269698716698401,0.7256212392821908,1,5
0.8563035410316242,0.5837371798697859,1,5
0.18283370673654187,0.23640692699700594,1,5
0.23080291079332524,0.6186824422329664,1,5
0.0959675491138824,0.20453272201120853,1,5
0.3762223876077046,0.5862800884060562,1,5
1.250662961850579e-14,0.025146835017949343,1,5
0.8425271383717395,0.6748878594953567,1,5
0.27121854381133564,0.6149809684138745,1,5
0.2475516963808479,0.4460515237879008,1,5
1.201934863695017e-30,0.012381549924612045,1,5
0.894427982795183,0.929233817383647,1,5
0.25672981362020025,0.6540298841428012,1,5
0.5740850408722786,0.4601162599865347,1,5
0.37078386175943673,0.6863293484784663,1,5
1.7165978455610753e-4,0.052969205658882856,1,5
0.2712846425035815,0.19436427229084074,1,5
9.531104949862597e-4,0.06483708997257054,1,5
0.00564852985116453,0.16393588739447296,1,5
0.353810096974662,0.523114699870348,1,5
0.31361218331994056,0.7012354261241853,1,5
0.022403441658523034,0.28838544082827866,1,5
0.22923638198099244,0.40557089378125966,1,5
0.7984186117645863,0.8040886779781431,1,5
0.9999962689859743,0.9801249008160084,1,5
0.1637074460981319,0.3604439168702811,1,5
0.29650937169627695,0.22333896975032985,1,5
0.29930635129964106,0.3887086985632777,1,5
0.3534039538162875,0.4180452434811741,1,5
0.07836291660270862,0.4448160445317626,1,5
0.2601686711637186,0.5043362500146031,1,5
2.7117268723997153e-13,0.03601875249296427,1,5
0.02611680844464303,0.1564016775228083,1,5
3.25636730209723e-5,0.22930649504996836,1,5
0.011986768606166582,0.24139360198751092,1,5
0.039000151536945124,0.5785435233265162,1,5
0.6401903513095343,0.7982170102186501,1,5
0.48446505274432283,0.5981470192782581,1,5
0.5120440935376995,0.8509723644237965,1,5
0.20523029299660484,0.4302267290186137,1,5
0.9829861815220006,0.965075324755162,1,5
0.36073945772860166,0.8657850057352334,1,5
0.7712434134745837,0.9557942857500166,1,5
0.6277036920486355,0.6199518390931189,1,5
0.008665467717564306,0.03431173670105636,1,5
0.7222339168637938,0.6957320168148726,1,5
0.26744728154223935,0.5528034104499966,1,5
0.7195985950604726,0.88962272554636,1,5
0.27992808790887763,0.3837598920799792,1,5
0.07067253470013646,0.4434676778037101,1,5
0.2471349033835904,0.8223090597894043,1,5
0.004640089221064679,0.4551749441307038,1,5
0.5373878044286085,0.8724316086154431,1,5
0.6141460584600558,0.5470013695303351,1,5
0.9961321363466099,0.9711274784058332,1,5
0.4916776863586568,0.34684083494357765,1,5
0.15001533653187435,0.7516773368697613,1,5
0.9023038771025335,0.8851732891052961,1,5
0.15254299725748405,0.19055384048260748,1,5
0.44161216727744285,0.8208571458235383,1,5
0.850189103609753,0.9262617325875908,1,5
0.0717419034328246,0.1613456301856786,1,5
0.01885631255281958,0.26969498745165765,1,5
0.5601767674219232,0.667398837627843,1,5
0.6595199517599181,0.7724881630856544,1,5
0.7860010522308054,0.9477271230425686,1,5
0.5705409552924517,0.5401878319680691,1,5
8.163410176018343e-6,0.037891950691118836,1,5
0.016024311042735166,0.21636805590242147,1,5
0.6312803778212708,0.7651410910766572,1,5
0.766703018800765,0.8661090692039579,1,5
0.2332929164785874,0.5528367129154503,1,5
0.5413708602985791,0.6249712526332587,1,5
0.6323724614622593,0.6602779952809215,1,5
0.8849995544039998,0.8994446247816086,1,5
0.2641896401757108,0.5998224327340722,1,5
5.883306060558241e-5,0.06234501348808408,1,5
0.0018155561397388143,0.10430877492763102,1,5
0.14429508136827393,0.21351854014210403,1,5
0.4858822686479173,0.7378663888666779,1,5
0.42848644365470145,0.5474273164290935,1,5
1.782410955447499e-5,0.0342673035338521,1,5
0.0034289320847021537,0.2424475266598165,1,5
0.45376966865223967,0.7395031957421452,1,5
0.267175151398212,0.6043740587774664,1,5
0.007537841274880275,0.08432033751159906,1,5
0.12597553951623058,0.5263906961772591,1,5
0.03540108985393155,0.08557296544313431,1,5
2.0964051750973843e-52,0.002462761476635933,1,5
0.7500350070321468,0.8146107364445925,1,5
0.3193781335829992,0.5214193349238485,1,5
0.22797042008955842,0.5338629931211472,1,5
0.5016155305914919,0.6572250160388649,1,5
0.008100620052359273,0.0796909925993532,1,5
0.439072678682823,0.4997787366155535,1,5
0.6340614798954859,0.5724677487742156,1,5
0.0034661481864475658,0.08382834913209081,1,5
0.0655453744129863,0.48858505324460566,1,5
0.0023091962302329637,0.18748366739600897,1,5
0.3997405123117797,0.8181895529851317,1,5
0.054547067410329456,0.5767066834960133,1,5
0.004253405271428007,0.2604287154972553,1,5
0.03352966643621382,0.2795913645531982,1,5
0.9065975744102305,0.884822224965319,1,5
0.4123097881530466,0.7869304423220456,1,5
0.8029843763623322,0.7286879119928926,1,5
0.9209634001935161,0.8792054008226842,1,5
0.22340289081588663,0.4519952889531851,1,5
0.7671464500792738,0.9308329746127129,1,5
0.9668964632359038,0.9331911695189774,1,5
0.507462695019027,0.6790730538778007,1,5
0.017318177696696455,0.32557289535179734,1,5
0.18568155242411283,0.43286527576856315,1,5
0.49911730577786556,0.2635097273159772,1,5
3.769480370453552e-15,0.019245910458266735,1,5
0.002070201985805817,0.2448456739075482,1,5
0.5957611271214945,0.6576911320444196,1,5
0.0018721519782680072,0.30933144711889327,1,5
0.17006825444959106,0.47695560893043876,1,5
0.5536472166677411,0.736542985541746,1,5
0.06449932411570045,0.0722367677371949,1,5
0.41093216081981015,0.7138097435235977,1,5
0.04410180813472359,0.12023337231948972,1,5
0.9689848970295679,0.9531719069927931,1,5
0.03359679625452672,0.21396204992197454,1,5
3.6383222327522766e-5,0.07743846974335611,1,5
0.5109597766707131,0.844402082497254,1,5
0.5721287564007491,0.4305038668680936,1,5
0.08194752168616777,0.3093118101824075,1,5
0.01993626585655451,0.15680649760179222,1,5
0.030938620827636445,0.44257619557902217,1,5
0.14125817156499437,0.38726447126828134,1,5
0.40360549835631315,0.5804904999677092,1,5
0.039307128585016046,0.1585783523041755,1,5
0.11050087691841536,0.5133771444670856,1,5
0.18697236095705969,0.49799573398195207,1,5
0.24682217040153026,0.45297648245468736,1,5
0.16344717505600065,0.2304315408691764,1,5
0.5794907000870818,0.7287929246667773,1,5
0.006544117750610875,0.14673606562428176,1,5
3.0228353907120394e-4,0.2217089836485684,1,5
0.13209875562405407,0.34130778280086815,1,5
0.17718474901268613,0.20688488706946373,1,5
5.548080190647261e-4,0.09158570575527847,1,5
0.13436170529633443,0.7063598220702261,1,5
4.018738136217009e-6,0.16095628612674773,1,5
0.39204414986811015,0.5126825519837439,1,5
0.13609945178996657,0.5276121217757463,1,5
0.6600476032353093,0.6180282095447183,1,5
0.6797466736197271,0.6047566344495863,1,5
0.3670448888001981,0.7476871500257403,1,5
0.4462763516320067,0.23984599439427257,1,5
0.5744186153271142,0.6606402152683586,1,5
0.3541275832143168,0.7467823410406709,1,5
0.7583924944860312,0.8969729656819254,1,5
0.05915446520422847,0.18520239484496415,1,5
0.5089553386335721,0.8942599352449179,1,5
0.20978228883804897,0.15283786528743804,1,5
0.6856076082698309,0.8340471494011581,1,5
0.014784997630170856,0.18247209233231843,1,5
0.2722605204411973,0.7852157494053245,1,5
0.28472442269958814,0.2585551703814417,1,5
0.05667935926680479,0.22803272912278771,1,5
0.2821473732128944,0.6922072130255401,1,5
0.0017690667713663203,0.08740294235758483,1,5
0.9999999909392508,0.9897305734921247,1,5
0.3551110136549171,0.49895771592855453,1,5
1.01568515850147e-4,0.2227321583777666,1,5
0.40549033551307284,0.4487410963047296,1,5
0.4054797931312946,0.7893467973917723,1,5
0.10020371283317803,0.2597512607462704,1,5
0.1146194046594171,0.3724421705119312,1,5
0.1089804168191335,0.37460531876422465,1,5
0.9230574174872218,0.9122733462136239,1,5
1.8156843789675e-311,0.0017725296784192324,1,5
0.1252673967797264,0.514075982151553,1,5
0.28864286741550976,0.5184030684176832,1,5
0.7439544146685093,0.7646056520752609,1,5
0.8058547045728611,0.8581323656253517,1,5
0.5696875257010534,0.41710190498270094,1,5
0.06371174206439432,0.4849593401886523,1,5
0.8135808546705595,0.8566052571404725,1,5
0.20385063617061902,0.43147881468757987,1,5
0.41642124311697204,0.8806691204663366,1,5
0.06532557906718368,0.5380571554414928,1,5
0.6439873282141382,0.9026519367471337,1,5
0.016013008448866196,0.49186343839392066,1,5
0.012912606999623353,0.17302286392077804,1,5
1.6496079374243277e-6,0.03615453001111746,1,5
0.32507462484484007,0.21403236943297088,1,5
0.18379640711191483,0.5038084459956735,1,5
0.5354501148188926,0.6536740877199918,1,5
0.9971087784133734,0.958869160618633,1,5
0.9667076795896599,0.9115855935961008,1,5
4.935566720860559e-39,0.00602016830816865,1,5
0.616603731408122,0.4701232381630689,1,5
0.2660564655884937,0.30632064235396683,1,5
0.29959834000085284,0.9025491895154119,1,5
0.0037208162146848637,0.1384501620195806,1,5
0.19989221934567145,0.30039307312108576,1,5
0.190154003969383,0.6797362021170557,1,5
0.005474979977961653,0.1689928937703371,1,5
0.006285815093198822,0.38124870508909225,1,5
0.680327926627405,0.527885687770322,1,5
0.33663796627141,0.4807607620023191,1,5
0.005453671879139518,0.2604923739563674,1,5
0.012590353222586096,0.33097436814568937,1,5
0.05840415802470155,0.4085337601136416,1,5
0.35904246530457845,0.47609402402304113,1,5
0.006736803373605499,0.10634178924374282,1,5
0.24537110466023465,0.5614504285622388,1,5
0.8788837519920972,0.7886953963898122,1,5
0.6827069087768768,0.8681728537194431,1,5
2.4482381469500723e-30,0.009130124002695084,1,5
0.07681729601156691,0.10546792228706181,1,5
0.2276651355558957,0.7220717424061149,1,5
0.05044873594257527,0.5459809568710625,1,5
0.41016625976661014,0.3395845496561378,1,5
0.417098176619392,0.7227888549678028,1,5
0.1621393706689489,0.5469013275578618,1,5
0.16153796759326122,0.24591323919594288,1,5
0.36657178042142674,0.15510088414885104,1,5
0.04607290311112149,0.2992838977370411,1,5
0.07834962336411311,0.2729107467457652,1,5
0.19887976553136777,0.5931865610182285,1,5
7.978118834403786e-4,0.38593286531977355,1,5
0.6860067566897191,0.7197676815558225,1,5
0.08517426270457029,0.2023153433110565,1,5
0.018766397439262124,0.1439771328587085,1,5
0.009001411271776387,0.23865889781154692,1,5
0.2007113062251867,0.28611621516756713,1,5
0.005739797091420222,0.057742499746382236,1,5
0.007507953210808488,0.29840178438462317,1,5
0.10828346533913878,0.4359454889781773,1,5
0.31709461511455467,0.4939123790245503,1,5
0.33735072969441526,0.8048671048600227,1,5
0.1601741490941591,0.5417525391094387,1,5
0.3321640755758771,0.8394433294888586,1,5
0.06636334690649873,0.3467971396166831,1,5
0.001461445273940262,0.18688055826351047,1,5
0.008442503958273197,0.029216274386271834,1,5
0.6320263989416489,0.9242423309478909,1,5
0.15924782231819565,0.6358254058286548,1,5
0.9389936742592349,0.9449059027247131,1,5
0.00514091679909013,0.3604133178014308,1,5
0.25921245825004047,0.8311850489117205,1,5
8.485036625753924e-4,0.06771279964596033,1,5
0.9207996056078375,0.9666283482220024,1,5
0.497101382811975,0.8408565232530236,1,5
0.20191358462956077,0.6971704182215035,1,5
0.011547745555631492,0.3273787316866219,1,5
0.30717519013232836,0.6316982284188271,1,5
0.7424672796598704,0.8028484415262938,1,5
0.9157894666565048,0.8419133012648672,1,5
0.5660782137947642,0.7904589464887977,1,5
0.5934014335557874,0.8740626713261008,1,5
0.20688952896783963,0.6314485687762499,1,5
0.962713919723041,0.9083803775720298,1,5
0.99058709385927,0.9136023158207536,1,5
0.061684402756952354,0.5592688994947821,1,5
0.0881614158340756,0.35706359264440835,1,5
0.3146965809913695,0.734129052143544,1,5
0.28293279883536926,0.8516377310734242,1,5
0.3901132160308924,0.5329989427700639,1,5
0.3744847865805075,0.6517543324735016,1,5
0.94857797814222,0.9675156278535724,1,5
0.1094729242351871,0.22150164935737848,1,5
0.08251305891066264,0.4937657667323947,1,5
0.2789130193505456,0.47638158104382455,1,5
0.9453235877117455,0.8686463313642889,1,5
0.5715040291289493,0.9104953911155462,1,5
0.40737851485213034,0.6331797752063721,1,5
0.5060127335071367,0.4296968968119472,1,5
0.851391032447234,0.6951489367056638,1,5
0.636306760962301,0.49574725585989654,1,5
0.0014411613935445516,0.10388335352763534,1,5
1.653369067062481e-40,0.007648233324289322,1,5
0.9138701571545932,0.7639842131175101,1,5
0.012813203080825659,0.14008285175077617,1,5
0.030976194425652574,0.3162032258696854,1,5
0.28329308161835837,0.561228376114741,1,5
0.4187864900062911,0.6817697954829782,1,5
0.5589594730188858,0.42460362846031785,1,5
0.06421258015572193,0.09660638589411974,1,5
7.23723464815579e-10,0.03965462790802121,1,5
0.2463930519945627,0.5350940942298621,1,5
0.6899310205888561,0.8845398069825023,1,5
0.0659456784767586,0.02035091444849968,1,5
0.25151188710385197,0.7659823934081942,1,5
0.14650432630114205,0.6846473943442106,1,5
0.00847160034426167,0.0775551344268024,1,5
0.6411628102043858,0.59364103525877,1,5
0.2790597039441459,0.3913334475364536,1,5
0.20206392213168467,0.20369144203141332,1,5
0.61031301853361,0.9772583052981645,1,5
0.12502127620495596,0.3512947929557413,1,5
0.5003241604172831,0.7944700240623206,1,5
0.5608838490011872,0.8026117354165763,1,5
0.0571519032982596,0.5017898201476783,1,5
0.23405909429980928,0.49909762432798743,1,5
0.7939041131569999,0.6928320084698498,1,5
0.7878612848703402,0.9216827354393899,1,5
0.018579340425541917,0.17380583612248302,1,5
3.1934543639752265e-6,0.04264942300505936,1,5
0.11813943206542481,0.5450344325508922,1,5
0.005026658545539728,0.0699767095502466,1,5
0.2661157056926956,0.6676881511230022,1,5
2.0413642705995528e-12,0.06622921419329941,1,5
0.9720734115417154,0.8965391195379198,1,5
0.16644882337561118,0.35929434234276414,1,5
0.5920114843111879,0.7438259641639888,1,5
0.39029094985821844,0.32532252790406346,1,5
0.9449337665134021,0.8198300809599459,1,5
1,0.9996035578660667,1,5
0.14326865722587043,0.275745150167495,1,5
0.004402595620458617,0.08367186901159585,1,5
0.3962473087338762,0.5574930310249329,1,5
0.06566408457207829,0.41564986179582775,1,5
0.19362008507780967,0.5119620612822473,1,5
8.61536517270881e-8,0.1177339453715831,1,5
0.003449851172341728,0.12139205867424607,1,5
0.08218055467021623,0.5694009761791676,1,5
0.12795340767828928,0.5566635297145694,1,5
0.1948866724297941,0.4134251431096345,1,5
0.3970650113311697,0.4038140163756907,1,5
0.9071468224402411,0.8038479366805404,1,5
0.3971333992604679,0.6774375108070672,1,5
0.2823975148965045,0.857737785205245,1,5
0.6980279805887938,0.734491108218208,1,5
0.13795085399111193,0.32581666321493685,1,5
0.9345678190876471,0.9285836268682033,1,5
0.3617839572814727,0.8475425504148006,1,5
0.06546489754240914,0.5241540160495788,1,5
0.00148512256648656,0.13277650391682982,1,5
0.06744798984969246,0.40730230836197734,1,5
0.291042946457096,0.4782017092220485,1,5
0.4323412867344267,0.32627686741761863,1,5
0.4962050328377761,0.802302427124232,1,5
0.7558578860976586,0.7068782427813858,1,5
0.285579114757079,0.6827260821592063,1,5
0.02927310227747262,0.09095857222564518,1,5
0.11598390228148663,0.08749915077351034,1,5
0.2797143101428476,0.6132915101479739,1,5
0.38927886833059505,0.40740560786798596,1,5
0.07752615621819306,0.4591683510225266,1,5
0.4445943372763399,0.6739856703206897,1,5
0.10070436127222476,0.11800154275260866,1,5
0.9934702955334247,0.8159039048478007,1,5
0.0014117306876801174,0.18020995054394007,1,5
0.10482982010059871,0.4327870807610452,1,5
0.9430148054899851,0.9593875035643578,1,5
8.298021840694483e-8,0.038112865295261145,1,5
0.5714265383233953,0.8470334245357662,1,5
9.6755598503133e-18,0.03386752097867429,1,5
0.0044412893922519,0.1406798237003386,1,5
0.7543075574870823,0.8551941821351647,1,5
0.060557602689740496,0.3731813773047179,1,5
0.49323982646952413,0.778979737078771,1,5
0.5273090749614919,0.7810540511272848,1,5
0.4208977809138164,0.5855055218562484,1,5
0.0020957943242670145,0.09232413722202182,1,5
0.07646395456227474,0.48124889424070716,1,5
0.27875222987397663,0.6607842000667006,1,5
0.6536773778351119,0.6670011272653937,1,5
0.46647171617933986,0.28875292791053653,1,5
0.7157746626300651,0.8273437211755663,1,5
1.740314108902897e-5,0.09718825737945735,1,5
0.030810973314084104,0.5633188874926418,1,5
0.5398420651146983,0.5504899891093373,1,5
8.77556559352112e-12,0.02205275883898139,1,5
0.5363190741975266,0.8692602119408548,1,5
0.4211567677344788,0.5397612734232098,1,5
0.03601613256934128,0.18963151541538537,1,5
0.02662909801658347,0.08775478461757302,1,5
0.7465335945440161,0.854316373122856,1,5
0.7350941758588732,0.8675909568555653,1,5
0.9732156383325383,0.9363233395852149,1,5
0.2416255326008595,0.2887163278646767,1,5
0.14604311202545855,0.0485566514544189,1,5
0.6857000941660066,0.8667638627812266,1,5
0.9924590118675818,0.968009908683598,1,5
0.0014723323591240125,0.08279765443876386,1,5
0.3881622871135742,0.5793886070605367,1,5
1.2692443769746878e-5,0.12975608208216727,1,5
1.2160470309454746e-4,0.0922176418825984,1,5
0.17490715174140414,0.5274589089676738,1,5
0.46608884535818546,0.23305901186540723,1,5
0.18084737085038563,0.4410098143853247,1,5
0.0032969920299479386,0.158841110765934,1,5
0.1399859104551463,0.4970446270890534,1,5
0.5920127263722771,0.7722319788299501,1,5
0.6711243835671303,0.7026181074324995,1,5
0.44584416684785066,0.5227634131442755,1,5
0.14883996903489916,0.4852560074068606,1,5
0.15140339824414104,0.6267245621420443,1,5
0.7736512395249272,0.889109747717157,1,5
0.1386101219199056,0.6888241649139673,1,5
0.027385567801759374,0.2549908843357116,1,5
0.014282969497655881,0.27179438318125904,1,5
0.41647605716364366,0.9373765978962183,1,5
2.292947984917598e-5,0.21574215171858668,1,5
0.4904883213354804,0.6515564075671136,1,5
0.48753998700729634,0.8140592421405017,1,5
0.06483889509546033,0.297373472712934,1,5
0.0068756404126331,0.3676899115089327,1,5
0.07087893709853976,0.5402248513419181,1,5
0.17341343807337584,0.4327301762532443,1,5
0.8834278064736996,0.8256516270339489,1,5
0.20045955930339057,0.2693672419991344,1,5
0.5920017332927701,0.7583480230532587,1,5
0.7498784480198,0.768824576633051,1,5
0.9807546335023053,0.911238863831386,1,5
0.42784568713358045,0.6287617071066052,1,5
0.3129374576093431,0.2708727871067822,1,5
0.9369260184691155,0.9700075446162373,1,5
0.3276775815091194,0.7065082979388535,1,5
0.5959729520923983,0.8070308677852154,1,5
0.1028285985713331,0.4604945492465049,1,5
0.3297390687793119,0.5647489198017865,1,5
0.6586312589624641,0.9129874310456216,1,5
8.234192677476557e-4,0.13837511953897774,1,5
0.15713727527886087,0.5104275068733841,1,5
0.47878241562273427,0.6812202977016568,1,5
1.5421066300328043e-4,0.11196786258369684,1,5
0.13249350862776185,0.4386726289521903,1,5
0.9992049178060114,0.9857654431834817,1,5
0.20392830449516428,0.22197571396827698,1,5
0.44894600984861194,0.38586014322936535,1,5
0.09837858291098124,0.5539089245721698,1,5
0.48189536978110303,0.41904438799247146,1,5
0.8552882530515904,0.8618055740371346,1,5
0.00740859529554066,0.11192942806519568,1,5
0.8751056478617913,0.8427986274473369,1,5
0.3763316019504906,0.00797957624308765,1,5
0.2201490065222955,0.533528113970533,1,5
0.3882541226598538,0.6972248998936266,1,5
0.0798275685888698,0.3763526757247746,1,5
0.9579648538816791,0.912956967484206,1,5
0.356418258192274,0.555689713684842,1,5
0.23078336949250214,0.6485720498021692,1,5
0.07061206567699393,0.3168913549743593,1,5
0.005837262374589799,0.25985143054276705,1,5
0.22411648589563116,0.5487254913896322,1,5
0.015194053440691644,0.23461564350873232,1,5
0.6289763588025028,0.7717652160208672,1,5
0.5839313131917859,0.12066593556664884,1,5
0.9058589833002645,0.9171784825157374,1,5
3.7875120635615496e-5,0.1762595004402101,1,5
0.16152738267775735,0.19680990185588598,1,5
0.9575988225975766,0.9555122940801084,1,5
0.09392746695533395,0.26660555065609515,1,5
0.04649760077706774,0.31114599015563726,1,5
0.017689737640121987,0.34590988676063716,1,5
0.7472685795798275,0.4844290742184967,1,5
0.0027842667817790713,0.18413849920034409,1,5
0.023859168883430787,0.425370154902339,1,5
0.4730734086064335,0.34676196216605604,1,5
0.4076673004284609,0.6239716969430447,1,5
0.3999185365011755,0.6725723533891141,1,5
0.5067475718196695,0.6781817500013858,1,5
0.636030520720046,0.8689319021068513,1,5
0.7500337586298225,0.629379283869639,1,5
0.029574103936862432,0.3532617597375065,1,5
0.043172775815462174,0.49145691632293165,1,5
0.15157771233447792,0.5492939408868551,1,5
0.1316672093783432,0.41066519008018076,1,5
1.9789364593292063e-7,0.1281348818447441,1,5
0.6018845816574113,0.6823537310119718,1,5
0.5183089044059881,0.7834374317899346,1,5
1.999623641594182e-15,0.036643250146880746,1,5
0.20763900332423954,0.2566640670411289,1,5
0.025248948171451596,0.3227928811684251,1,5
0.08558744221554676,0.5367953989189118,1,5
0.6888369664694276,0.9214020231738687,1,5
0.7154934316775271,0.6328274316620082,1,5
0.0033770503673050878,0.314146819524467,1,5
2.447756796440802e-4,0.014609040459617972,1,5
0.9815981111542968,0.9866154657211155,1,5
0.001414265136163764,0.15169024234637618,1,5
0.1617721990608235,0.3181974985636771,1,5
0.30008544528101977,0.5562925927806646,1,5
0.15677087576274742,0.20454297470860183,1,5
0.06225260973731109,0.29708626912906766,1,5
3.047448585974378e-47,0.020583356963470578,1,5
0.40267097267231894,0.8935109144076705,1,5
0.02356869030451456,0.1872555564623326,1,5
0.2420118122238488,0.7003705082461238,1,5
0.011231941966035726,0.16567988134920597,1,5
0.5171905261205595,0.7503295037895441,1,5
0.9158154976506973,0.8281515017151833,1,5
0.034529739691260934,0.044341407949104905,1,5
0.001226461455533009,0.2124817615840584,1,5
0.11485667922428046,0.1820750623010099,1,5
0.9293791368920128,0.94875139859505,1,5
0.23108707334369616,0.39696640707552433,1,5
0.2640247469412085,0.7911720825359225,1,5
0.45939903727436476,0.7442093207500875,1,5
0.91134932955598,0.8452443431597203,1,5
0.9889692364540864,0.9618173555936664,1,5
0.0609016444034243,0.3547299911733717,1,5
0.24110553625213238,0.4223317832220346,1,5
0.3320242784985067,0.8020079510752112,1,5
0.03257113576309209,0.2842948555480689,1,5
0.1787746944645408,0.5525167405139655,1,5
0.8015194428748106,0.7501144341658801,1,5
0.25257863240220585,0.4432411892339587,1,5
0.19498524980484835,0.36928110639564693,1,5
0.0037460668332033784,0.2694675822276622,1,5
0.8376328062561696,0.9345127942506224,1,5
0.2571158967901166,0.6447646645829082,1,5
0.4188421446666457,0.2928823025431484,1,5
0.06747747426095076,0.17181956442072988,1,5
0.6236077541984244,0.8298679287545383,1,5
0.6201582365452291,0.5366062163375318,1,5
0.07413611046534445,0.06906553637236357,1,5
0.25529621330141367,0.7342358396854252,1,5
0.6060135963962431,0.7716994208749384,1,5
0.09957259420929672,0.5078710673842579,1,5
0.4631794388158662,0.6834500008262694,1,5
0.6553475905316842,0.49945315811783075,1,5
0.479749967798026,0.9196119662374258,1,5
0.6632544863536336,0.9682444541249424,1,5
0.08785752904930626,0.5478973912540823,1,5
3.4428469737465334e-4,0.30442013684660196,1,5
0.32670453625227963,0.23427207581698895,1,5
0.5622232084832046,0.4240728763397783,1,5
0.411436542153296,0.68516292469576,1,5
0.41335365494356924,0.23214245541021228,1,5
0.06241905218250192,0.039416980696842074,1,5
0.18146413409499315,0.7234784264583141,1,5
6.265491277483633e-4,0.0728038758970797,1,5
0.17237428130895502,0.46795855555683374,1,5
0.5670945529802522,0.933690429199487,1,5
0.6602099173065125,0.8411280936561525,1,5
0.543171104231381,0.29497457505203784,1,5
0.22820939226767561,0.40875530894845724,1,5
0.49511454591383364,0.8703337116166949,1,5
0.012449559450912496,0.4293313454836607,1,5
0.5406402416985513,0.6053442545235157,1,5
0.952154433473806,0.939572142669931,1,5
0.05459346380818058,0.2868174852337688,1,5
0.925862857895544,0.9282472890336066,1,5
0.7880910054032884,0.7404111619107425,1,5
0.9875194111183353,0.9538016279693693,1,5
0.22100240300452612,0.6461709761060774,1,5
0.2746295719391235,0.7044080225750804,1,5
1.0506941527568774e-5,0.09634768380783498,1,5
9.382813561469126e-40,0.013008888345211744,1,5
0.8559572110426459,0.9787086541764438,1,5
0.8377392395082606,0.9398341055493802,1,5
0.13101352764226282,0.597156475065276,1,5
0.004739618178084195,0.1318549003917724,1,5
0.2545705778135722,0.7498392076231539,1,5
0.05421827606539893,0.2654808312654495,1,5
0.6068211994751072,0.8813212055247277,1,5
0.03276106495655704,0.22423766064457595,1,5
0.1786571372361053,0.11456324462778866,1,5
0.011759587798486189,0.2030811640433967,1,5
0.356287443101099,0.40812588669359684,1,5
0.23341223130998018,0.4186173267662525,1,5
0.1488807618336173,0.6005818217527121,1,5
3.489339074510359e-5,0.17900276044383645,1,5
2.7387541484319187e-7,0.04094411269761622,1,5
0.035263297254472706,0.2195589318871498,1,5
0.7874284915250819,0.7244175239466131,1,5
0.7611527090992548,0.6133339172229171,1,5
0.2290479714394378,0.3920213719829917,1,5
0.5542906047727231,0.9481235432904214,1,5
0.5616886816854718,0.6420832644216716,1,5
0.4402107020593701,0.645724181085825,1,5
0.13802459762469774,0.05502079473808408,1,5
0.06971173302206579,0.030043386621400714,1,5
0.09397234871750115,0.5720974551513791,1,5
0.06988712885243169,0.19479767535813153,1,5
0.9867148665316767,0.9705268943216652,1,5
0.3097103192849011,0.43703920813277364,1,5
0.02261220141251319,0.24129472603090107,1,5
0.031361120822433745,0.11233087559230626,1,5
0.6418595736015266,0.8950088080018759,1,5
0.6211136022539503,0.44742970261722803,1,5
0.003926410374842997,0.12437020987272263,1,5
0.1824766254470726,0.5789363069925457,1,5
0.8161980686780471,0.8295588276814669,1,5
0.3964390458706196,0.7847277296241373,1,5
1.3587894323751902e-263,0.002456249436363578,1,5
0.3655834837495198,0.6986707916948944,1,5
3.824681927925745e-5,0.15467711025848985,1,5
0.3688827884403355,0.7106775504071265,1,5
0.054261273794813734,0.213874573353678,1,5
0.9999999992755886,0.995431249262765,1,5
0.6851356115494424,0.5569353518076241,1,5
0.32219159933865155,0.6315722453873605,1,5
0.42614887599956924,0.4936279521789402,1,5
5.429438556278383e-21,0.0154913947917521,1,5
0.281631972742589,0.428965229075402,1,5
0.1256449626601999,0.7640621825121343,1,5
0.10884462682838345,0.4316452133934945,1,5
0.6624592774608238,0.7931812342721969,1,5
2.269272580490214e-14,0.03485404863022268,1,5
5.88534625317947e-4,0.010777597781270742,1,5
0.8789233112359028,0.8428980389144272,1,5
0.08352104846840949,0.18409663951024413,1,5
0.008077915735943847,0.23934580711647868,1,5
0.2791264851479427,0.39511879975907505,1,5
0.7881806340980014,0.7870230658445507,1,5
0.21515399920163236,0.4440624671988189,1,5
3.1706031601566073e-100,0.024997239001095295,1,5
0.9880554134041712,0.9520229478366673,1,5
0.6918269939447897,0.941339609446004,1,5
0.6904943634432705,0.8620564499869943,1,5
0.3139733935275134,0.7424946276005358,1,5
0.4942616733653258,0.36288400483317673,1,5
0.20003794792499419,0.35035646171309054,1,5
0.7796727602577891,0.8465060729067773,1,5
0.9457144134182894,0.800415426492691,1,5
0.006033862925859468,0.18532242299988866,1,5
0.6008294109614671,0.9299223367124796,1,5
0.38786326218090633,0.5956297456286848,1,5
0.4633485570285471,0.6489969990216196,1,5
0.19358862779654437,0.27584520471282303,1,5
0.617989968012054,0.7531142197549343,1,5
1.4923983798201096e-6,0.13726663030683994,1,5
0.5949971611587799,0.6404044232331216,1,5
0.08058017575452038,0.3873406071215868,1,5
1.835683412568531e-18,0.03371061943471432,1,5
0.40658848734886543,0.782659110147506,1,5
0.5019530862374042,0.5390209914185107,1,5
0.3979564432752828,0.4780860187020153,1,5
0.5125221434408946,0.5295520045328885,1,5
0.8853772156534078,0.9396503833122551,1,5
0.7345156205666343,0.8216126139741391,1,5
0.8154812263264143,0.910935714142397,1,5
0.018281133792471527,0.10355881415307522,1,5
0.04424082098688688,0.4340101182460785,1,5
0.7056103866833362,0.8055209764279425,1,5
0.6151393948294802,0.39410787052474916,1,5
0.5276027944440385,0.7840244739782065,1,5
0.1600949264466042,0.4776758386287838,1,5
0.9498782032846508,0.9030805649235845,1,5
0.14861850992614856,0.36026322888210416,1,5
2.9724008263719878e-8,0.022993332473561168,1,5
0.17427396575951504,0.2223090019542724,1,5
0.09272737957409136,0.11271120747551322,1,5
7.987038706681532e-18,0.032084714621305466,1,5
0.29636196681383387,0.3870387899223715,1,5
0.03769783098746436,0.6419263707939535,1,5
0.5155950889637638,0.7517373804003,1,5
0.23864700772958117,0.6685533446725458,1,5
0.03400283703095419,0.1886344850063324,1,5
0.7273439960913688,0.6907074183691293,1,5
0.5136558649975607,0.8161878297105432,1,5
0.8990170186245297,0.9411631561815739,1,5
0.010763389241893745,0.09885567892342806,1,5
0.3507959811556229,0.6953658938873559,1,5
0.6137379648538251,0.637630466837436,1,5
0.04759389681255872,0.5695524178445339,1,5
0.48069995702040813,0.6317222609650344,1,5
0.36985012006882606,0.7107365082483739,1,5
0.343438178514829,0.3214410759974271,1,5
0.20669583577171421,0.7111124543007463,1,5
0.049584033205619424,0.20284301438368857,1,5
0.915734278568047,0.77131038880907,1,5
0.3890114915655083,0.49094684002920985,1,5
0.39922050536401116,0.5057077032979578,1,5
0.13563002583607903,0.12666272977367043,1,5
0.8759301538982343,0.8815897484309971,1,5
0.07464581046652546,0.3789266641251743,1,5
0.5859225811336489,0.8917198805138469,1,5
0.22267898139144912,0.5828412962146103,1,5
0.655194785650896,0.4243083328474313,1,5
0.13752716376579,0.6176133281551301,1,5
0.9531299636462942,0.9377789834979922,1,5
0.1638940207858202,0.5533605271484703,1,5
0.8668266861317482,0.8609988617245108,1,5
0.04653719756437375,0.42004729388281703,1,5
0.31131348099430906,0.5005925898440182,1,5
0.7771338493448984,0.8118004584684968,1,5
3.0341129677716915e-4,0.04664588952437043,1,5
0.6056983622784028,0.755010862601921,1,5
0.8312670158701979,0.8692173904273659,1,5
0.02923776063291419,0.4593770052306354,1,5
0.4351531672275766,0.6880733370780945,1,5
0.14945061687963776,0.39986465871334076,1,5
0.8173345681230565,0.6976912298705429,1,5
0.044910631633992275,0.2516075116582215,1,5
0.3568094634782179,0.7816743135917932,1,5
0.0075292983088235425,0.19998364127241075,1,5
5.806849372776964e-4,0.013882924569770694,1,5
0.34144294623232774,0.6243905127048492,1,5
0.08031834786820673,0.3911403107922524,1,5
5.295290977613111e-4,0.06065002363175154,1,5
0.0010364195007954652,0.07269702712073922,1,5
0.9971346013894918,0.9596410789526999,1,5
0.9708107476106911,0.8755140407010913,1,5
0.759209616552258,0.8657479372341186,1,5
0.0017046311168120013,0.32402716507203877,1,5
0.011516574360640072,0.09160692128352821,1,5
0.0024207883176052456,0.02764734602533281,1,5
0.5071857498144255,0.56721953721717,1,5
0.005963134024277421,0.30072944634594023,1,5
0.8788763031721855,0.9417689449619502,1,5
1.1421494585329957e-4,0.08700766088441014,1,5
0.2455200885867005,0.3715459501836449,1,5
0.9978384177248798,0.9126288997940719,1,5
0.25765619922508365,0.6208993785548955,1,5
0.002041219253521169,0.10006559756584466,1,5
0.12361850465245755,0.6327822539024055,1,5
7.3144108228988e-12,0.03241175110451877,1,5
0.43057944584702973,0.5047545584384352,1,5
0.4414816007461938,0.6617946901824325,1,5
0.15488474556733592,0.4607958449050784,1,5
0.12189616960549005,0.46480835881084204,1,5
0.6391789545980209,0.5720670951995999,1,5
0.5872252673633142,0.8220354043878615,1,5
0.030663334016990892,0.45615187054499984,1,5
0.771979771945225,0.7760066853370517,1,5
0.6249995782824246,0.2417553465347737,1,5
0.34590723267331114,0.4985418936703354,1,5
0.3271452541645658,0.5433041409123689,1,5
0.2533622535243832,0.5012180407065898,1,5
0.27120771225825013,0.1562173953279853,1,5
0.5076937232621977,0.7247459841892123,1,5
0.863793904447023,0.727205858565867,1,5
0.6726123343433427,0.7139155229087919,1,5
0.12274093358094312,0.18323504645377398,1,5
0.03179508845328229,0.15720012388192117,1,5
0.17243269911602396,0.29079025122337043,1,5
0.10858577494115858,0.30033733625896275,1,5
0.025524362084191527,0.834484440041706,1,5
0.0016283360673354204,0.15440842229872942,1,5
0.5436967228398429,0.8770208181813359,1,5
0.23435690086982836,0.6286152824759483,1,5
2.3138838091561522e-6,0.07999727712012827,1,5
0.6369436593074428,0.8539877671282738,1,5
0.0014587735275574493,0.4431237413082272,1,5
0.733417210957716,0.6646618396043777,1,5
0.18252714898431463,0.6744342907331884,1,5
0.31279775936874493,0.44902995927259326,1,5
0.08071098270808974,0.07496966165490448,1,5
0.1876950563325163,0.2726324228569865,1,5
0.5500851917543893,0.5734303230419755,1,5
3.5852795453728556e-11,0.02198580256663263,1,5
0.005112380077375997,0.32439795322716236,1,5
0.5865997908191327,0.7038930100388825,1,5
0.7648816946986937,0.8875217370223254,1,5
0.5231917913540092,0.9193623419851065,1,5
0.15468174726723183,0.4586754341144115,1,5
0.07876399980349658,0.417228723410517,1,5
0.3203784358358603,0.3042463425081223,1,5
0.015129330512028727,0.3931326300371438,1,5
0.650308338035371,0.777021485613659,1,5
0.15906618837340555,0.26803404139354825,1,5
0.6952142575360157,0.42123689292930067,1,5
0.06827350832819667,0.31234139762818813,1,5
0.7132947984823546,0.9495710402261466,1,5
0.06205781154121479,0.23712054104544222,1,5
0.43264590770079514,0.273497129091993,1,5
0.7203296262154736,0.7464363288599998,1,5
0.6526475179333653,0.8372857982758433,1,5
0.24064954187111579,0.26566108129918575,1,5
0.028668783793290447,0.4740391047671437,1,5
0.2298703496832246,0.5562644847668707,1,5
0.1354340482710496,0.36372896027751267,1,5
0.14798406019092927,0.4956440324895084,1,5
0.9999997440292275,0.9902813422959298,1,5
0.17595285396239083,0.12508738273754716,1,5
0.999999999669909,0.9798854526598006,1,5
0.9034887095940841,0.8473081279080361,1,5
0.7460266063576845,0.9028723805677146,1,5
0.3710004354638759,0.3615608469117433,1,5
0.3039769084054141,0.3302911149803549,1,5
0.06181843373061997,0.0542404530569911,1,5
0.3737638862036188,0.4549670391716063,1,5
0.737100094057516,0.8920633567031473,1,5
0.09343260613239708,0.3832188150845468,1,5
0.21902221600990365,0.5803989805281162,1,5
1.6401214545171426e-32,0.024737600004300475,1,5
0.473285720704242,0.43007141118869185,1,5
0.8344711510202119,0.8329583101440221,1,5
0.34761072793853265,0.22000502841547132,1,5
0.3105119384018266,0.7905990742146969,1,5
2.1968116177490044e-16,0.03917474905028939,1,5
0.7781274085102846,0.947886367328465,1,5
0.8180654320627022,0.8844116171821952,1,5
0.19658607510070786,0.44070534291677177,1,5
0.3439996589141572,0.4342486329842359,1,5
0.12128269806374108,0.3388813871424645,1,5
0.4563692545441712,0.7104789570439607,1,5
1.7315125853129416e-4,0.2880299100652337,1,5
0.011899187727332469,0.18551157391630113,1,5
0.29885301242935214,0.7603620663285255,1,5
3.32458609976378e-26,0.019714855356141925,1,5
0.0020834782488867256,0.12376926303841174,1,5
0.24150948772557262,0.15141827333718538,1,5
0.1531814858685371,0.4572508414275944,1,5
0.027697762858483296,0.3832523147575557,1,5
